{
    "model_name": "RandomForestRegressor",
    "train": {
        "rmse": 2008.01099532863,
        "mae": 806.3008751987641,
        "r2": 0.9856735886832828
    },
    "validation": {
        "rmse": 2166.9374928289676,
        "mae": 883.288862704604,
        "r2": 0.9862473326165764
    },
    "test": {
        "rmse": 2136.992972916348,
        "mae": 855.1835330819615,
        "r2": 0.9851028055972231
    }
}